{
  "id": "",
  "name": "",
  "font_family": "iconfont",
  "css_prefix_text": "icon-",
  "description": "",
  "glyphs": [
    {
      "icon_id": "1160153",
      "name": "home",
      "font_class": "home",
      "unicode": "e657",
      "unicode_decimal": 58967
    },
    {
      "icon_id": "3787027",
      "name": "听筒",
      "font_class": "yanjizhushou-shangchuan_tingtong",
      "unicode": "e637",
      "unicode_decimal": 58935
    },
    {
      "icon_id": "4251717",
      "name": "发现",
      "font_class": "faxian",
      "unicode": "e63b",
      "unicode_decimal": 58939
    },
    {
      "icon_id": "9478564",
      "name": "我的",
      "font_class": "wode",
      "unicode": "e607",
      "unicode_decimal": 58887
    }
  ]
}
